<?xml version="1.0" encoding="UTF-8"?>
<!DOCTYPE plist PUBLIC "-//Apple//DTD PLIST 1.0//EN" "http://www.apple.com/DTDs/PropertyList-1.0.dtd">
<plist version="1.0">
<dict>
	<key>author</key>
	<string></string>
	<key>comments</key>
	<string></string>
	<key>isUsingConstrainedLayout</key>
	<true/>
	<key>keywords</key>
	<string></string>
	<key>mindMap</key>
	<dict>
		<key>associations</key>
		<array>
			<dict>
				<key>endArrow</key>
				<integer>2</integer>
				<key>endNodeID</key>
				<string>C3EF201F-1C64-4699-80CB-5AF492559318</string>
				<key>startArrow</key>
				<integer>0</integer>
				<key>startNodeID</key>
				<string>C425F4B6-B330-44A4-9492-096563BDDBE5</string>
				<key>strokeColor</key>
				<string>{0.000, 0.500, 1.000, 1.000}</string>
				<key>strokeStyle</key>
				<integer>3</integer>
				<key>strokeWidth</key>
				<real>1</real>
				<key>wayPointOffset</key>
				<string>{27.12, 59.9576}</string>
			</dict>
			<dict>
				<key>endArrow</key>
				<integer>2</integer>
				<key>endNodeID</key>
				<string>C3EF201F-1C64-4699-80CB-5AF492559318</string>
				<key>startArrow</key>
				<integer>0</integer>
				<key>startNodeID</key>
				<string>49459978-6F31-4B72-9403-073DEBD30CA9</string>
				<key>strokeColor</key>
				<string>{0.000, 0.500, 1.000, 1.000}</string>
				<key>strokeStyle</key>
				<integer>3</integer>
				<key>strokeWidth</key>
				<real>1</real>
				<key>wayPointOffset</key>
				<string>{-69.7222, 35.9576}</string>
			</dict>
			<dict>
				<key>endArrow</key>
				<integer>2</integer>
				<key>endNodeID</key>
				<string>C3EF201F-1C64-4699-80CB-5AF492559318</string>
				<key>startArrow</key>
				<integer>0</integer>
				<key>startNodeID</key>
				<string>F2800AB0-1D37-4949-BCAE-7EA756B5A5E1</string>
				<key>strokeColor</key>
				<string>{0.000, 0.500, 1.000, 1.000}</string>
				<key>strokeStyle</key>
				<integer>3</integer>
				<key>strokeWidth</key>
				<real>1</real>
				<key>wayPointOffset</key>
				<string>{-71.2222, 78.9576}</string>
			</dict>
			<dict>
				<key>endArrow</key>
				<integer>2</integer>
				<key>endNodeID</key>
				<string>C382CE4D-8D86-4249-8701-07346FFBB45C</string>
				<key>startArrow</key>
				<integer>0</integer>
				<key>startNodeID</key>
				<string>6D0DF0E5-2A95-48D9-B0DD-14D532A6BC5D</string>
				<key>strokeColor</key>
				<string>{0.000, 0.500, 1.000, 1.000}</string>
				<key>strokeStyle</key>
				<integer>3</integer>
				<key>strokeWidth</key>
				<real>1</real>
				<key>wayPointOffset</key>
				<string>{-82.1485, -33.7486}</string>
			</dict>
			<dict>
				<key>endArrow</key>
				<integer>2</integer>
				<key>endNodeID</key>
				<string>C382CE4D-8D86-4249-8701-07346FFBB45C</string>
				<key>startArrow</key>
				<integer>0</integer>
				<key>startNodeID</key>
				<string>00EE31E9-7F16-4E4E-AA45-70D428CC73DC</string>
				<key>strokeColor</key>
				<string>{0.000, 0.500, 1.000, 1.000}</string>
				<key>strokeStyle</key>
				<integer>3</integer>
				<key>strokeWidth</key>
				<real>1</real>
				<key>wayPointOffset</key>
				<string>{-86.3985, -71.7486}</string>
			</dict>
			<dict>
				<key>endArrow</key>
				<integer>2</integer>
				<key>endNodeID</key>
				<string>C382CE4D-8D86-4249-8701-07346FFBB45C</string>
				<key>startArrow</key>
				<integer>0</integer>
				<key>startNodeID</key>
				<string>EFA4AA0A-2AD6-4865-8633-3F2D472D636F</string>
				<key>strokeColor</key>
				<string>{0.000, 0.500, 1.000, 1.000}</string>
				<key>strokeStyle</key>
				<integer>3</integer>
				<key>strokeWidth</key>
				<real>1</real>
				<key>wayPointOffset</key>
				<string>{47.6015, -47.7486}</string>
			</dict>
		</array>
		<key>color</key>
		<string>{0.945, 0.890, 0.784, 1.000}</string>
		<key>mainNodes</key>
		<array>
			<dict>
				<key>contentAlignment</key>
				<integer>1</integer>
				<key>fillColor</key>
				<string>{1.000, 1.000, 1.000, 1.000}</string>
				<key>isDecreasingBranchThickness</key>
				<true/>
				<key>isDrawingFill</key>
				<true/>
				<key>isLeftAligned</key>
				<false/>
				<key>location</key>
				<string>{-2231.5073723762048, -231.01378696093201}</string>
				<key>nodeID</key>
				<string>881D20CB-247F-4B2D-836D-B01F2FFDD35C</string>
				<key>strokeColor</key>
				<string>{0.500, 0.500, 0.500, 1.000}</string>
				<key>strokeStyle</key>
				<integer>0</integer>
				<key>strokeWidth</key>
				<real>2</real>
				<key>subnodes</key>
				<array>
					<dict>
						<key>contentAlignment</key>
						<integer>1</integer>
						<key>fillColor</key>
						<string>{1.000, 1.000, 1.000, 1.000}</string>
						<key>isDecreasingBranchThickness</key>
						<true/>
						<key>isDrawingFill</key>
						<false/>
						<key>isLeftAligned</key>
						<false/>
						<key>location</key>
						<string>{-1948.5073723762048, -222.01378696093201}</string>
						<key>nodeID</key>
						<string>3B981656-AFC3-492B-B845-B179F639C6D7</string>
						<key>strokeColor</key>
						<string>{0.177, 0.929, 0.853, 1.000}</string>
						<key>strokeStyle</key>
						<integer>0</integer>
						<key>strokeWidth</key>
						<real>6</real>
						<key>subnodes</key>
						<array>
							<dict>
								<key>contentAlignment</key>
								<integer>1</integer>
								<key>fillColor</key>
								<string>{1.000, 1.000, 1.000, 1.000}</string>
								<key>isDecreasingBranchThickness</key>
								<true/>
								<key>isDrawingFill</key>
								<false/>
								<key>isLeftAligned</key>
								<false/>
								<key>location</key>
								<string>{-1709.5073723762048, -354.01378696093201}</string>
								<key>nodeID</key>
								<string>3739D506-7D96-4E25-BBFA-D863D6FFBEC5</string>
								<key>strokeColor</key>
								<string>{0.399, 0.957, 0.088, 1.000}</string>
								<key>strokeStyle</key>
								<integer>0</integer>
								<key>strokeWidth</key>
								<real>5</real>
								<key>subnodes</key>
								<array>
									<dict>
										<key>contentAlignment</key>
										<integer>1</integer>
										<key>fillColor</key>
										<string>{1.000, 1.000, 1.000, 1.000}</string>
										<key>isDecreasingBranchThickness</key>
										<true/>
										<key>isDrawingFill</key>
										<false/>
										<key>isLeftAligned</key>
										<false/>
										<key>location</key>
										<string>{-1580.5073723762048, -354.01378696093201}</string>
										<key>nodeID</key>
										<string>2A90F66C-109B-456D-99D4-05433C174320</string>
										<key>strokeColor</key>
										<string>{0.399, 0.957, 0.088, 1.000}</string>
										<key>strokeStyle</key>
										<integer>0</integer>
										<key>strokeWidth</key>
										<real>4</real>
										<key>subnodes</key>
										<array/>
										<key>title</key>
										<dict>
											<key>constrainedWidth</key>
											<integer>500</integer>
											<key>htmlText</key>
											<string>&lt;p style='color: rgba(0, 0, 0, 1.000000); font: 14px "PingFang SC"; -cocoa-font-postscriptname: "PingFangSC-Regular"; '&gt;跳转到个人属性页面&lt;/p&gt;</string>
											<key>shrinkToFitContent</key>
											<integer>1</integer>
											<key>text</key>
											<string>{\rtf1\ansi\ansicpg936\cocoartf1404\cocoasubrtf340
{\fonttbl\f0\fnil\fcharset134 PingFangSC-Regular;}
{\colortbl;\red255\green255\blue255;\red0\green0\blue0;}
\pard\tx560\tx1120\tx1680\tx2240\tx2800\tx3360\tx3920\tx4480\tx5040\tx5600\tx6160\tx6720\pardirnatural

\f0\fs28 \cf2 \'cc\'f8\'d7\'aa\'b5\'bd\'b8\'f6\'c8\'cb\'ca\'f4\'d0\'d4\'d2\'b3\'c3\'e6}</string>
										</dict>
									</dict>
								</array>
								<key>title</key>
								<dict>
									<key>constrainedWidth</key>
									<integer>500</integer>
									<key>htmlText</key>
									<string>&lt;p style='color: rgba(0, 0, 0, 1.000000); font: 14px "PingFang SC"; -cocoa-font-postscriptname: "PingFangSC-Regular"; '&gt;1-已登录&lt;/p&gt;</string>
									<key>shrinkToFitContent</key>
									<integer>1</integer>
									<key>text</key>
									<string>{\rtf1\ansi\ansicpg936\cocoartf1404\cocoasubrtf340
{\fonttbl\f0\fnil\fcharset134 PingFangSC-Regular;}
{\colortbl;\red255\green255\blue255;\red0\green0\blue0;}
\pard\tx560\tx1120\tx1680\tx2240\tx2800\tx3360\tx3920\tx4480\tx5040\tx5600\tx6160\tx6720\pardirnatural

\f0\fs28 \cf2 1-\'d2\'d1\'b5\'c7\'c2\'bc}</string>
								</dict>
							</dict>
							<dict>
								<key>contentAlignment</key>
								<integer>1</integer>
								<key>fillColor</key>
								<string>{1.000, 1.000, 1.000, 1.000}</string>
								<key>isDecreasingBranchThickness</key>
								<true/>
								<key>isDrawingFill</key>
								<false/>
								<key>isLeftAligned</key>
								<false/>
								<key>location</key>
								<string>{-1709.5073723762048, -194.01378696093201}</string>
								<key>nodeID</key>
								<string>A5794AC4-602F-405C-8F1F-3BC358CBFA84</string>
								<key>strokeColor</key>
								<string>{0.941, 0.432, 0.068, 1.000}</string>
								<key>strokeStyle</key>
								<integer>0</integer>
								<key>strokeWidth</key>
								<real>5</real>
								<key>subnodes</key>
								<array>
									<dict>
										<key>contentAlignment</key>
										<integer>1</integer>
										<key>fillColor</key>
										<string>{1.000, 1.000, 1.000, 1.000}</string>
										<key>isDecreasingBranchThickness</key>
										<true/>
										<key>isDrawingFill</key>
										<false/>
										<key>isLeftAligned</key>
										<false/>
										<key>location</key>
										<string>{-1578.5073723762048, -194.01378696093201}</string>
										<key>nodeID</key>
										<string>D09358B1-74C2-487F-94BB-68736D3DB05E</string>
										<key>strokeColor</key>
										<string>{0.941, 0.432, 0.068, 1.000}</string>
										<key>strokeStyle</key>
										<integer>0</integer>
										<key>strokeWidth</key>
										<real>4</real>
										<key>subnodes</key>
										<array>
											<dict>
												<key>contentAlignment</key>
												<integer>1</integer>
												<key>fillColor</key>
												<string>{1.000, 1.000, 1.000, 1.000}</string>
												<key>isDecreasingBranchThickness</key>
												<true/>
												<key>isDrawingFill</key>
												<false/>
												<key>isLeftAligned</key>
												<false/>
												<key>location</key>
												<string>{-1408.5073723762048, -270.01378696093201}</string>
												<key>nodeID</key>
												<string>EFA4AA0A-2AD6-4865-8633-3F2D472D636F</string>
												<key>strokeColor</key>
												<string>{0.593, 0.000, 0.979, 1.000}</string>
												<key>strokeStyle</key>
												<integer>0</integer>
												<key>strokeWidth</key>
												<real>3</real>
												<key>subnodes</key>
												<array>
													<dict>
														<key>contentAlignment</key>
														<integer>1</integer>
														<key>fillColor</key>
														<string>{1.000, 1.000, 1.000, 1.000}</string>
														<key>isDecreasingBranchThickness</key>
														<true/>
														<key>isDrawingFill</key>
														<false/>
														<key>isLeftAligned</key>
														<false/>
														<key>location</key>
														<string>{-1194.5073723762048, -318.01378696093201}</string>
														<key>nodeID</key>
														<string>6D0DF0E5-2A95-48D9-B0DD-14D532A6BC5D</string>
														<key>strokeColor</key>
														<string>{0.593, 0.000, 0.979, 1.000}</string>
														<key>strokeStyle</key>
														<integer>0</integer>
														<key>strokeWidth</key>
														<real>2</real>
														<key>subnodes</key>
														<array>
															<dict>
																<key>contentAlignment</key>
																<integer>1</integer>
																<key>fillColor</key>
																<string>{1.000, 1.000, 1.000, 1.000}</string>
																<key>isDecreasingBranchThickness</key>
																<true/>
																<key>isDrawingFill</key>
																<false/>
																<key>isLeftAligned</key>
																<false/>
																<key>location</key>
																<string>{-889.50737237620478, -318.01378696093201}</string>
																<key>nodeID</key>
																<string>8E2EAC63-79A5-4C32-94B4-6D1F8BEC1C95</string>
																<key>strokeColor</key>
																<string>{0.593, 0.000, 0.979, 1.000}</string>
																<key>strokeStyle</key>
																<integer>0</integer>
																<key>strokeWidth</key>
																<real>1</real>
																<key>subnodes</key>
																<array/>
																<key>title</key>
																<dict>
																	<key>constrainedWidth</key>
																	<integer>500</integer>
																	<key>htmlText</key>
																	<string>&lt;p style='font: 14px "PingFang SC"; text-align: left; -cocoa-font-postscriptname: "PingFangSC-Regular"; '&gt;跳转到个人属性页面&lt;/p&gt;</string>
																	<key>shrinkToFitContent</key>
																	<integer>1</integer>
																	<key>text</key>
																	<string>{\rtf1\ansi\ansicpg936\cocoartf1404\cocoasubrtf340
{\fonttbl\f0\fnil\fcharset134 PingFangSC-Regular;}
{\colortbl;\red255\green255\blue255;}
\pard\tx560\tx1120\tx1680\tx2240\tx2800\tx3360\tx3920\tx4480\tx5040\tx5600\tx6160\tx6720\pardirnatural

\f0\fs28 \cf0 \'cc\'f8\'d7\'aa\'b5\'bd\'b8\'f6\'c8\'cb\'ca\'f4\'d0\'d4\'d2\'b3\'c3\'e6}</string>
																</dict>
															</dict>
														</array>
														<key>title</key>
														<dict>
															<key>constrainedWidth</key>
															<integer>243</integer>
															<key>htmlText</key>
															<string>&lt;p&gt;&lt;span style='color: rgba(0, 0, 0, 1.000000); font: 14px "PingFang SC"; -cocoa-font-postscriptname: "PingFangSC-Regular"; '&gt;首次注册都能成功，返回值=1-成功，&lt;/span&gt;&lt;span style='font: 14px "PingFang SC"; -cocoa-font-postscriptname: "PingFangSC-Regular"; '&gt;设置session-loginFlag=1，session -username=用户名。session保存周期=1天&lt;/span&gt;&lt;/p&gt;</string>
															<key>shrinkToFitContent</key>
															<integer>0</integer>
															<key>text</key>
															<string>{\rtf1\ansi\ansicpg936\cocoartf1404\cocoasubrtf340
{\fonttbl\f0\fnil\fcharset134 PingFangSC-Regular;}
{\colortbl;\red255\green255\blue255;\red0\green0\blue0;}
\pard\tx560\tx1120\tx1680\tx2240\tx2800\tx3360\tx3920\tx4480\tx5040\tx5600\tx6160\tx6720\pardirnatural

\f0\fs28 \cf2 \'ca\'d7\'b4\'ce\'d7\'a2\'b2\'e1\'b6\'bc\'c4\'dc\'b3\'c9\'b9\'a6\'a3\'ac\'b7\'b5\'bb\'d8\'d6\'b5=1-\'b3\'c9\'b9\'a6\'a3\'ac\cf0 \'c9\'e8\'d6\'c3session-loginFlag=1\'a3\'acsession -username=\'d3\'c3\'bb\'a7\'c3\'fb\'a1\'a3session\'b1\'a3\'b4\'e6\'d6\'dc\'c6\'da=1\'cc\'ec}</string>
														</dict>
													</dict>
													<dict>
														<key>contentAlignment</key>
														<integer>1</integer>
														<key>fillColor</key>
														<string>{1.000, 1.000, 1.000, 1.000}</string>
														<key>isDecreasingBranchThickness</key>
														<true/>
														<key>isDrawingFill</key>
														<false/>
														<key>isLeftAligned</key>
														<false/>
														<key>location</key>
														<string>{-1194.5073723762048, -222.01378696093201}</string>
														<key>nodeID</key>
														<string>00EE31E9-7F16-4E4E-AA45-70D428CC73DC</string>
														<key>strokeColor</key>
														<string>{0.593, 0.000, 0.979, 1.000}</string>
														<key>strokeStyle</key>
														<integer>0</integer>
														<key>strokeWidth</key>
														<real>2</real>
														<key>subnodes</key>
														<array/>
														<key>title</key>
														<dict>
															<key>constrainedWidth</key>
															<integer>500</integer>
															<key>htmlText</key>
															<string>&lt;p style='color: rgba(0, 0, 0, 1.000000); font: 14px "PingFang SC"; -cocoa-font-postscriptname: "PingFangSC-Regular"; '&gt;用户名重复则注册失败，返回值=0-失败&lt;/p&gt;</string>
															<key>shrinkToFitContent</key>
															<integer>1</integer>
															<key>text</key>
															<string>{\rtf1\ansi\ansicpg936\cocoartf1404\cocoasubrtf340
{\fonttbl\f0\fnil\fcharset134 PingFangSC-Regular;}
{\colortbl;\red255\green255\blue255;\red0\green0\blue0;}
\pard\tx560\tx1120\tx1680\tx2240\tx2800\tx3360\tx3920\tx4480\tx5040\tx5600\tx6160\tx6720\pardirnatural

\f0\fs28 \cf2 \'d3\'c3\'bb\'a7\'c3\'fb\'d6\'d8\'b8\'b4\'d4\'f2\'d7\'a2\'b2\'e1\'ca\'a7\'b0\'dc\'a3\'ac\'b7\'b5\'bb\'d8\'d6\'b5=0-\'ca\'a7\'b0\'dc}</string>
														</dict>
													</dict>
												</array>
												<key>title</key>
												<dict>
													<key>constrainedWidth</key>
													<integer>500</integer>
													<key>htmlText</key>
													<string>&lt;p style='color: rgba(0, 0, 0, 1.000000); font: 14px "PingFang SC"; -cocoa-font-postscriptname: "PingFangSC-Regular"; '&gt;选择注册，调用B1接口&lt;/p&gt;</string>
													<key>shrinkToFitContent</key>
													<integer>1</integer>
													<key>text</key>
													<string>{\rtf1\ansi\ansicpg936\cocoartf1404\cocoasubrtf340
{\fonttbl\f0\fnil\fcharset134 PingFangSC-Regular;}
{\colortbl;\red255\green255\blue255;\red0\green0\blue0;}
\pard\tx560\tx1120\tx1680\tx2240\tx2800\tx3360\tx3920\tx4480\tx5040\tx5600\tx6160\tx6720\pardirnatural

\f0\fs28 \cf2 \'d1\'a1\'d4\'f1\'d7\'a2\'b2\'e1\'a3\'ac\'b5\'f7\'d3\'c3B1\'bd\'d3\'bf\'da}</string>
												</dict>
											</dict>
											<dict>
												<key>contentAlignment</key>
												<integer>1</integer>
												<key>fillColor</key>
												<string>{1.000, 1.000, 1.000, 1.000}</string>
												<key>isDecreasingBranchThickness</key>
												<true/>
												<key>isDrawingFill</key>
												<false/>
												<key>isLeftAligned</key>
												<false/>
												<key>location</key>
												<string>{-1408.5073723762048, -148.01378696093201}</string>
												<key>nodeID</key>
												<string>C425F4B6-B330-44A4-9492-096563BDDBE5</string>
												<key>strokeColor</key>
												<string>{0.941, 0.432, 0.068, 1.000}</string>
												<key>strokeStyle</key>
												<integer>0</integer>
												<key>strokeWidth</key>
												<real>3</real>
												<key>subnodes</key>
												<array>
													<dict>
														<key>contentAlignment</key>
														<integer>1</integer>
														<key>fillColor</key>
														<string>{1.000, 1.000, 1.000, 1.000}</string>
														<key>isDecreasingBranchThickness</key>
														<true/>
														<key>isDrawingFill</key>
														<false/>
														<key>isLeftAligned</key>
														<false/>
														<key>location</key>
														<string>{-1223.5073723762048, -186.01378696093201}</string>
														<key>nodeID</key>
														<string>F2800AB0-1D37-4949-BCAE-7EA756B5A5E1</string>
														<key>strokeColor</key>
														<string>{0.941, 0.432, 0.068, 1.000}</string>
														<key>strokeStyle</key>
														<integer>0</integer>
														<key>strokeWidth</key>
														<real>2</real>
														<key>subnodes</key>
														<array>
															<dict>
																<key>contentAlignment</key>
																<integer>1</integer>
																<key>fillColor</key>
																<string>{1.000, 1.000, 1.000, 1.000}</string>
																<key>isDecreasingBranchThickness</key>
																<true/>
																<key>isDrawingFill</key>
																<false/>
																<key>isLeftAligned</key>
																<false/>
																<key>location</key>
																<string>{-977.50737237620478, -186.01378696093201}</string>
																<key>nodeID</key>
																<string>F1894828-6EDC-47A4-8FC3-373EB5E9CA7E</string>
																<key>strokeColor</key>
																<string>{0.941, 0.432, 0.068, 1.000}</string>
																<key>strokeStyle</key>
																<integer>0</integer>
																<key>strokeWidth</key>
																<real>1</real>
																<key>subnodes</key>
																<array/>
																<key>title</key>
																<dict>
																	<key>constrainedWidth</key>
																	<integer>500</integer>
																	<key>htmlText</key>
																	<string>&lt;p style='color: rgba(0, 0, 0, 1.000000); font: 14px "PingFang SC"; -cocoa-font-postscriptname: "PingFangSC-Regular"; '&gt;跳转到个人属性页面&lt;/p&gt;</string>
																	<key>shrinkToFitContent</key>
																	<integer>1</integer>
																	<key>text</key>
																	<string>{\rtf1\ansi\ansicpg936\cocoartf1404\cocoasubrtf340
{\fonttbl\f0\fnil\fcharset134 PingFangSC-Regular;}
{\colortbl;\red255\green255\blue255;\red0\green0\blue0;}
\pard\tx560\tx1120\tx1680\tx2240\tx2800\tx3360\tx3920\tx4480\tx5040\tx5600\tx6160\tx6720\pardirnatural

\f0\fs28 \cf2 \'cc\'f8\'d7\'aa\'b5\'bd\'b8\'f6\'c8\'cb\'ca\'f4\'d0\'d4\'d2\'b3\'c3\'e6}</string>
																</dict>
															</dict>
														</array>
														<key>title</key>
														<dict>
															<key>constrainedWidth</key>
															<integer>184</integer>
															<key>htmlText</key>
															<string>&lt;p style='text-align: left; '&gt;&lt;span style='color: rgba(0, 0, 0, 1.000000); font: 14px "PingFang SC"; -cocoa-font-postscriptname: "PingFangSC-Regular"; '&gt;返回0-登陆成功，接口设置session-loginFlag=1&lt;/span&gt;&lt;span style='font: 14px "PingFang SC"; -cocoa-font-postscriptname: "PingFangSC-Regular"; '&gt;，session -username=用户名。session保存周期=1天&lt;/span&gt;&lt;/p&gt;</string>
															<key>shrinkToFitContent</key>
															<integer>0</integer>
															<key>text</key>
															<string>{\rtf1\ansi\ansicpg936\cocoartf1404\cocoasubrtf340
{\fonttbl\f0\fnil\fcharset134 PingFangSC-Regular;}
{\colortbl;\red255\green255\blue255;\red0\green0\blue0;}
\pard\tx560\tx1120\tx1680\tx2240\tx2800\tx3360\tx3920\tx4480\tx5040\tx5600\tx6160\tx6720\pardirnatural

\f0\fs28 \cf2 \'b7\'b5\'bb\'d80-\'b5\'c7\'c2\'bd\'b3\'c9\'b9\'a6\'a3\'ac\'bd\'d3\'bf\'da\'c9\'e8\'d6\'c3session-loginFlag=1\cf0 \'a3\'acsession -username=\'d3\'c3\'bb\'a7\'c3\'fb\'a1\'a3session\'b1\'a3\'b4\'e6\'d6\'dc\'c6\'da=1\'cc\'ec}</string>
														</dict>
													</dict>
													<dict>
														<key>contentAlignment</key>
														<integer>1</integer>
														<key>fillColor</key>
														<string>{1.000, 1.000, 1.000, 1.000}</string>
														<key>isDecreasingBranchThickness</key>
														<true/>
														<key>isDrawingFill</key>
														<false/>
														<key>isLeftAligned</key>
														<false/>
														<key>location</key>
														<string>{-1223.5073723762048, -90.013786960932009}</string>
														<key>nodeID</key>
														<string>49459978-6F31-4B72-9403-073DEBD30CA9</string>
														<key>strokeColor</key>
														<string>{0.941, 0.432, 0.068, 1.000}</string>
														<key>strokeStyle</key>
														<integer>0</integer>
														<key>strokeWidth</key>
														<real>2</real>
														<key>subnodes</key>
														<array/>
														<key>title</key>
														<dict>
															<key>constrainedWidth</key>
															<integer>125</integer>
															<key>htmlText</key>
															<string>&lt;p style='color: rgba(0, 0, 0, 1.000000); font: 14px "PingFang SC"; -cocoa-font-postscriptname: "PingFangSC-Regular"; '&gt;返回1-登陆失败，界面提示登陆失败&lt;/p&gt;</string>
															<key>shrinkToFitContent</key>
															<integer>0</integer>
															<key>text</key>
															<string>{\rtf1\ansi\ansicpg936\cocoartf1404\cocoasubrtf340
{\fonttbl\f0\fnil\fcharset134 PingFangSC-Regular;}
{\colortbl;\red255\green255\blue255;\red0\green0\blue0;}
\pard\tx560\tx1120\tx1680\tx2240\tx2800\tx3360\tx3920\tx4480\tx5040\tx5600\tx6160\tx6720\pardirnatural

\f0\fs28 \cf2 \'b7\'b5\'bb\'d81-\'b5\'c7\'c2\'bd\'ca\'a7\'b0\'dc\'a3\'ac\'bd\'e7\'c3\'e6\'cc\'e1\'ca\'be\'b5\'c7\'c2\'bd\'ca\'a7\'b0\'dc}</string>
														</dict>
													</dict>
												</array>
												<key>title</key>
												<dict>
													<key>constrainedWidth</key>
													<integer>123</integer>
													<key>htmlText</key>
													<string>&lt;p style='color: rgba(0, 0, 0, 1.000000); font: 14px "PingFang SC"; text-align: left; -cocoa-font-postscriptname: "PingFangSC-Regular"; '&gt;用户输入登陆信息，submit后调用B2接口&lt;/p&gt;</string>
													<key>shrinkToFitContent</key>
													<integer>0</integer>
													<key>text</key>
													<string>{\rtf1\ansi\ansicpg936\cocoartf1404\cocoasubrtf340
{\fonttbl\f0\fnil\fcharset134 PingFangSC-Regular;}
{\colortbl;\red255\green255\blue255;\red0\green0\blue0;}
\pard\tx560\tx1120\tx1680\tx2240\tx2800\tx3360\tx3920\tx4480\tx5040\tx5600\tx6160\tx6720\pardirnatural

\f0\fs28 \cf2 \'d3\'c3\'bb\'a7\'ca\'e4\'c8\'eb\'b5\'c7\'c2\'bd\'d0\'c5\'cf\'a2\'a3\'acsubmit\'ba\'f3\'b5\'f7\'d3\'c3B2\'bd\'d3\'bf\'da}</string>
												</dict>
											</dict>
										</array>
										<key>title</key>
										<dict>
											<key>constrainedWidth</key>
											<integer>500</integer>
											<key>htmlText</key>
											<string>&lt;p style='color: rgba(0, 0, 0, 1.000000); font: 14px "PingFang SC"; -cocoa-font-postscriptname: "PingFangSC-Regular"; '&gt;跳转到登陆页面&lt;/p&gt;</string>
											<key>shrinkToFitContent</key>
											<integer>1</integer>
											<key>text</key>
											<string>{\rtf1\ansi\ansicpg936\cocoartf1404\cocoasubrtf340
{\fonttbl\f0\fnil\fcharset134 PingFangSC-Regular;}
{\colortbl;\red255\green255\blue255;\red0\green0\blue0;}
\pard\tx560\tx1120\tx1680\tx2240\tx2800\tx3360\tx3920\tx4480\tx5040\tx5600\tx6160\tx6720\pardirnatural

\f0\fs28 \cf2 \'cc\'f8\'d7\'aa\'b5\'bd\'b5\'c7\'c2\'bd\'d2\'b3\'c3\'e6}</string>
										</dict>
									</dict>
								</array>
								<key>title</key>
								<dict>
									<key>constrainedWidth</key>
									<integer>500</integer>
									<key>htmlText</key>
									<string>&lt;p style='color: rgba(0, 0, 0, 1.000000); font: 14px "PingFang SC"; -cocoa-font-postscriptname: "PingFangSC-Regular"; '&gt;0-未登陆&lt;/p&gt;</string>
									<key>shrinkToFitContent</key>
									<integer>1</integer>
									<key>text</key>
									<string>{\rtf1\ansi\ansicpg936\cocoartf1404\cocoasubrtf340
{\fonttbl\f0\fnil\fcharset134 PingFangSC-Regular;}
{\colortbl;\red255\green255\blue255;\red0\green0\blue0;}
\pard\tx560\tx1120\tx1680\tx2240\tx2800\tx3360\tx3920\tx4480\tx5040\tx5600\tx6160\tx6720\pardirnatural

\f0\fs28 \cf2 0-\'ce\'b4\'b5\'c7\'c2\'bd}</string>
								</dict>
							</dict>
						</array>
						<key>title</key>
						<dict>
							<key>constrainedWidth</key>
							<integer>177</integer>
							<key>htmlText</key>
							<string>&lt;p style='color: rgba(0, 0, 0, 1.000000); font: 14px "PingFang SC"; text-align: left; -cocoa-font-postscriptname: "PingFangSC-Regular"; '&gt;读取session属性loginFlag(是否登陆)&lt;/p&gt;</string>
							<key>shrinkToFitContent</key>
							<integer>0</integer>
							<key>text</key>
							<string>{\rtf1\ansi\ansicpg936\cocoartf1404\cocoasubrtf340
{\fonttbl\f0\fnil\fcharset134 PingFangSC-Regular;}
{\colortbl;\red255\green255\blue255;\red0\green0\blue0;}
\pard\tx560\tx1120\tx1680\tx2240\tx2800\tx3360\tx3920\tx4480\tx5040\tx5600\tx6160\tx6720\pardirnatural

\f0\fs28 \cf2 \'b6\'c1\'c8\'a1session\'ca\'f4\'d0\'d4loginFlag(\'ca\'c7\'b7\'f1\'b5\'c7\'c2\'bd)}</string>
						</dict>
					</dict>
				</array>
				<key>title</key>
				<dict>
					<key>constrainedWidth</key>
					<integer>203</integer>
					<key>htmlText</key>
					<string>&lt;p style='font: 14px "PingFang SC"; text-align: left; -cocoa-font-postscriptname: "PingFangSC-Regular"; '&gt;点击【个人属性】导航节点，访问loginNavigation.jsp页面&lt;/p&gt;</string>
					<key>shrinkToFitContent</key>
					<integer>0</integer>
					<key>text</key>
					<string>{\rtf1\ansi\ansicpg936\cocoartf1404\cocoasubrtf340
{\fonttbl\f0\fnil\fcharset134 PingFangSC-Regular;}
{\colortbl;\red255\green255\blue255;}
\pard\tx560\tx1120\tx1680\tx2240\tx2800\tx3360\tx3920\tx4480\tx5040\tx5600\tx6160\tx6720\pardirnatural

\f0\fs28 \cf0 \'b5\'e3\'bb\'f7\'a1\'be\'b8\'f6\'c8\'cb\'ca\'f4\'d0\'d4\'a1\'bf\'b5\'bc\'ba\'bd\'bd\'da\'b5\'e3\'a3\'ac\'b7\'c3\'ce\'caloginNavigation.jsp\'d2\'b3\'c3\'e6}</string>
				</dict>
			</dict>
			<dict>
				<key>contentAlignment</key>
				<integer>1</integer>
				<key>fillColor</key>
				<string>{1.000, 1.000, 1.000, 1.000}</string>
				<key>isDecreasingBranchThickness</key>
				<true/>
				<key>isDrawingFill</key>
				<true/>
				<key>isLeftAligned</key>
				<false/>
				<key>location</key>
				<string>{-1334.4518196487923, -15.598627536102981}</string>
				<key>nodeID</key>
				<string>C3EF201F-1C64-4699-80CB-5AF492559318</string>
				<key>strokeColor</key>
				<string>{0.500, 0.500, 0.500, 1.000}</string>
				<key>strokeStyle</key>
				<integer>0</integer>
				<key>strokeWidth</key>
				<real>2</real>
				<key>subnodes</key>
				<array/>
				<key>title</key>
				<dict>
					<key>constrainedWidth</key>
					<integer>500</integer>
					<key>htmlText</key>
					<string>&lt;p style='color: rgba(0, 0, 0, 1.000000); font: 13px ".PingFang SC"; -cocoa-font-postscriptname: ".PingFangSC-Regular"; '&gt;牟宁负责&lt;/p&gt;</string>
					<key>shrinkToFitContent</key>
					<integer>1</integer>
					<key>text</key>
					<string>{\rtf1\ansi\ansicpg936\cocoartf1404\cocoasubrtf340
{\fonttbl\f0\fnil\fcharset134 .PingFangSC-Regular;}
{\colortbl;\red255\green255\blue255;\red0\green0\blue0;}
\pard\tx560\tx1120\tx1680\tx2240\tx2800\tx3360\tx3920\tx4480\tx5040\tx5600\tx6160\tx6720\pardirnatural

\f0\fs26 \cf2 \'c4\'b2\'c4\'fe\'b8\'ba\'d4\'f0}</string>
				</dict>
			</dict>
			<dict>
				<key>contentAlignment</key>
				<integer>1</integer>
				<key>fillColor</key>
				<string>{1.000, 1.000, 1.000, 1.000}</string>
				<key>isDecreasingBranchThickness</key>
				<true/>
				<key>isDrawingFill</key>
				<true/>
				<key>isLeftAligned</key>
				<false/>
				<key>location</key>
				<string>{-1277.3042733784198, -371.5109043489598}</string>
				<key>nodeID</key>
				<string>C382CE4D-8D86-4249-8701-07346FFBB45C</string>
				<key>strokeColor</key>
				<string>{0.500, 0.500, 0.500, 1.000}</string>
				<key>strokeStyle</key>
				<integer>0</integer>
				<key>strokeWidth</key>
				<real>2</real>
				<key>subnodes</key>
				<array/>
				<key>title</key>
				<dict>
					<key>constrainedWidth</key>
					<integer>500</integer>
					<key>htmlText</key>
					<string>&lt;p style='color: rgba(0, 0, 0, 1.000000); font: 13px ".PingFang SC"; text-align: left; -cocoa-font-postscriptname: ".PingFangSC-Regular"; '&gt;牟宁负责&lt;/p&gt;</string>
					<key>shrinkToFitContent</key>
					<integer>1</integer>
					<key>text</key>
					<string>{\rtf1\ansi\ansicpg936\cocoartf1404\cocoasubrtf340
{\fonttbl\f0\fnil\fcharset134 .PingFangSC-Regular;}
{\colortbl;\red255\green255\blue255;\red0\green0\blue0;}
\pard\tx560\tx1120\tx1680\tx2240\tx2800\tx3360\tx3920\tx4480\tx5040\tx5600\tx6160\tx6720\pardirnatural

\f0\fs26 \cf2 \'c4\'b2\'c4\'fe\'b8\'ba\'d4\'f0}</string>
				</dict>
			</dict>
		</array>
	</dict>
	<key>printInfo</key>
	<data>
	BAtzdHJlYW10eXBlZIHoA4QBQISEhAtOU1ByaW50SW5mbwGEhAhOU09iamVjdACFkoSE
	hBNOU011dGFibGVEaWN0aW9uYXJ5AISEDE5TRGljdGlvbmFyeQCUhAFpCJKEhIQITlNT
	dHJpbmcBlIQBKxZOU0hvcml6b250YWxseUNlbnRlcmVkhpKEhIQITlNOdW1iZXIAhIQH
	TlNWYWx1ZQCUhAEqhIQBY50BhpKEmZkNTlNSaWdodE1hcmdpboaShJuchIQBZp5IhpKE
	mZkMTlNMZWZ0TWFyZ2luhpKfkoSZmRVOU0hvcml6b25hbFBhZ2luYXRpb26GkoSbnISX
	lwKGkoSZmRROU1ZlcnRpY2FsUGFnaW5hdGlvboaShJucpJcAhpKEmZkUTlNWZXJ0aWNh
	bGx5Q2VudGVyZWSGkpqShJmZC05TVG9wTWFyZ2luhpKEm5ygnlqGkoSZmQ5OU0JvdHRv
	bU1hcmdpboaSqYaG
	</data>
	<key>title</key>
	<string>点击【个人属性】导航节点，访问Login.jsp页面</string>
	<key>version</key>
	<integer>4</integer>
</dict>
</plist>
