<?xml version="1.0" encoding="UTF-8"?>
<!DOCTYPE plist PUBLIC "-//Apple//DTD PLIST 1.0//EN" "http://www.apple.com/DTDs/PropertyList-1.0.dtd">
<plist version="1.0">
<dict>
	<key>author</key>
	<string></string>
	<key>comments</key>
	<string></string>
	<key>isUsingConstrainedLayout</key>
	<true/>
	<key>keywords</key>
	<string></string>
	<key>mindMap</key>
	<dict>
		<key>associations</key>
		<array/>
		<key>color</key>
		<string>{1.000, 1.000, 1.000, 1.000}</string>
		<key>mainNodes</key>
		<array>
			<dict>
				<key>contentAlignment</key>
				<integer>1</integer>
				<key>fillColor</key>
				<string>{1.000, 1.000, 1.000, 1.000}</string>
				<key>isDecreasingBranchThickness</key>
				<true/>
				<key>isDrawingFill</key>
				<true/>
				<key>isLeftAligned</key>
				<false/>
				<key>location</key>
				<string>{-593.27734375, -282.90234375}</string>
				<key>nodeID</key>
				<string>82A58F26-D0C9-4302-9EF3-35FFF84BBF0F</string>
				<key>strokeColor</key>
				<string>{0.500, 0.500, 0.500, 1.000}</string>
				<key>strokeStyle</key>
				<integer>0</integer>
				<key>strokeWidth</key>
				<real>2</real>
				<key>subnodes</key>
				<array/>
				<key>title</key>
				<dict>
					<key>constrainedWidth</key>
					<integer>500</integer>
					<key>htmlText</key>
					<string>&lt;p style='color: rgba(0, 0, 0, 1.000000); font: 13px ".PingFang SC"; text-align: left; -cocoa-font-postscriptname: ".PingFangSC-Regular"; '&gt;欢迎界面&lt;/p&gt;</string>
					<key>shrinkToFitContent</key>
					<integer>1</integer>
					<key>text</key>
					<string>{\rtf1\ansi\ansicpg936\cocoartf1404\cocoasubrtf340
{\fonttbl\f0\fnil\fcharset134 .PingFangSC-Regular;}
{\colortbl;\red255\green255\blue255;}
\pard\tx560\tx1120\tx1680\tx2240\tx2800\tx3360\tx3920\tx4480\tx5040\tx5600\tx6160\tx6720\pardirnatural

\f0\fs26 \cf0 \'bb\'b6\'d3\'ad\'bd\'e7\'c3\'e6}</string>
				</dict>
			</dict>
			<dict>
				<key>contentAlignment</key>
				<integer>1</integer>
				<key>fillColor</key>
				<string>{1.000, 1.000, 1.000, 1.000}</string>
				<key>isDecreasingBranchThickness</key>
				<true/>
				<key>isDrawingFill</key>
				<true/>
				<key>isLeftAligned</key>
				<false/>
				<key>location</key>
				<string>{-595.9140625, -212.625}</string>
				<key>nodeID</key>
				<string>F343D808-81F0-4268-8348-A41F50A2DB4C</string>
				<key>strokeColor</key>
				<string>{0.500, 0.500, 0.500, 1.000}</string>
				<key>strokeStyle</key>
				<integer>0</integer>
				<key>strokeWidth</key>
				<real>2</real>
				<key>subnodes</key>
				<array>
					<dict>
						<key>contentAlignment</key>
						<integer>1</integer>
						<key>fillColor</key>
						<string>{1.000, 1.000, 1.000, 1.000}</string>
						<key>isDecreasingBranchThickness</key>
						<true/>
						<key>isDrawingFill</key>
						<false/>
						<key>isLeftAligned</key>
						<false/>
						<key>location</key>
						<string>{-453.9140625, -219.625}</string>
						<key>nodeID</key>
						<string>07E0250A-87BF-4889-85AB-C6CD37F37AD9</string>
						<key>strokeColor</key>
						<string>{1.000, 0.800, 0.400, 1.000}</string>
						<key>strokeStyle</key>
						<integer>0</integer>
						<key>strokeWidth</key>
						<real>6</real>
						<key>subnodes</key>
						<array/>
						<key>title</key>
						<dict>
							<key>constrainedWidth</key>
							<integer>500</integer>
							<key>htmlText</key>
							<string>&lt;p style='color: rgba(0, 0, 0, 1.000000); font: 12px ".PingFang SC"; -cocoa-font-postscriptname: ".PingFangSC-Regular"; '&gt;myabbs.html&lt;/p&gt;</string>
							<key>shrinkToFitContent</key>
							<integer>1</integer>
							<key>text</key>
							<string>{\rtf1\ansi\ansicpg936\cocoartf1404\cocoasubrtf340
{\fonttbl\f0\fnil\fcharset134 .PingFangSC-Regular;}
{\colortbl;\red255\green255\blue255;}
\pard\tx560\tx1120\tx1680\tx2240\tx2800\tx3360\tx3920\tx4480\tx5040\tx5600\tx6160\tx6720\pardirnatural

\f0\fs24 \cf0 myabbs.html}</string>
						</dict>
					</dict>
					<dict>
						<key>contentAlignment</key>
						<integer>1</integer>
						<key>fillColor</key>
						<string>{1.000, 1.000, 1.000, 1.000}</string>
						<key>isDecreasingBranchThickness</key>
						<true/>
						<key>isDrawingFill</key>
						<false/>
						<key>isLeftAligned</key>
						<false/>
						<key>location</key>
						<string>{-453.9140625, -188.625}</string>
						<key>nodeID</key>
						<string>A76BE813-D5AA-474C-BD88-4E495C78043D</string>
						<key>strokeColor</key>
						<string>{0.800, 1.000, 0.400, 1.000}</string>
						<key>strokeStyle</key>
						<integer>0</integer>
						<key>strokeWidth</key>
						<real>6</real>
						<key>subnodes</key>
						<array/>
						<key>title</key>
						<dict>
							<key>constrainedWidth</key>
							<integer>500</integer>
							<key>htmlText</key>
							<string>&lt;p style='color: rgba(0, 0, 0, 1.000000); font: 12px ".PingFang SC"; text-align: left; -cocoa-font-postscriptname: ".PingFangSC-Regular"; '&gt;新建节点&lt;/p&gt;</string>
							<key>shrinkToFitContent</key>
							<integer>1</integer>
							<key>text</key>
							<string>{\rtf1\ansi\ansicpg936\cocoartf1404\cocoasubrtf340
{\fonttbl\f0\fnil\fcharset134 .PingFangSC-Regular;}
{\colortbl;\red255\green255\blue255;}
\pard\tx560\tx1120\tx1680\tx2240\tx2800\tx3360\tx3920\tx4480\tx5040\tx5600\tx6160\tx6720\pardirnatural

\f0\fs24 \cf0 \'d0\'c2\'bd\'a8\'bd\'da\'b5\'e3}</string>
						</dict>
					</dict>
				</array>
				<key>title</key>
				<dict>
					<key>constrainedWidth</key>
					<integer>500</integer>
					<key>htmlText</key>
					<string>&lt;p style='color: rgba(0, 0, 0, 1.000000); font: 13px ".PingFang SC"; text-align: left; -cocoa-font-postscriptname: ".PingFangSC-Regular"; '&gt;我的属性&lt;/p&gt;</string>
					<key>shrinkToFitContent</key>
					<integer>1</integer>
					<key>text</key>
					<string>{\rtf1\ansi\ansicpg936\cocoartf1404\cocoasubrtf340
{\fonttbl\f0\fnil\fcharset134 .PingFangSC-Regular;}
{\colortbl;\red255\green255\blue255;\red0\green0\blue0;}
\pard\tx560\tx1120\tx1680\tx2240\tx2800\tx3360\tx3920\tx4480\tx5040\tx5600\tx6160\tx6720\pardirnatural

\f0\fs26 \cf2 \'ce\'d2\'b5\'c4\'ca\'f4\'d0\'d4}</string>
				</dict>
			</dict>
			<dict>
				<key>contentAlignment</key>
				<integer>1</integer>
				<key>fillColor</key>
				<string>{1.000, 1.000, 1.000, 1.000}</string>
				<key>isDecreasingBranchThickness</key>
				<true/>
				<key>isDrawingFill</key>
				<true/>
				<key>isLeftAligned</key>
				<false/>
				<key>location</key>
				<string>{-594.75, -148.734375}</string>
				<key>nodeID</key>
				<string>EBDDDAE0-1B6C-4DAC-9898-04F860042266</string>
				<key>strokeColor</key>
				<string>{0.500, 0.500, 0.500, 1.000}</string>
				<key>strokeStyle</key>
				<integer>0</integer>
				<key>strokeWidth</key>
				<real>2</real>
				<key>subnodes</key>
				<array/>
				<key>title</key>
				<dict>
					<key>constrainedWidth</key>
					<integer>500</integer>
					<key>htmlText</key>
					<string>&lt;p style='color: rgba(0, 0, 0, 1.000000); font: 13px ".PingFang SC"; text-align: left; -cocoa-font-postscriptname: ".PingFangSC-Regular"; '&gt;球员属性&lt;/p&gt;</string>
					<key>shrinkToFitContent</key>
					<integer>1</integer>
					<key>text</key>
					<string>{\rtf1\ansi\ansicpg936\cocoartf1404\cocoasubrtf340
{\fonttbl\f0\fnil\fcharset134 .PingFangSC-Regular;}
{\colortbl;\red255\green255\blue255;\red0\green0\blue0;}
\pard\tx560\tx1120\tx1680\tx2240\tx2800\tx3360\tx3920\tx4480\tx5040\tx5600\tx6160\tx6720\pardirnatural

\f0\fs26 \cf2 \'c7\'f2\'d4\'b1\'ca\'f4\'d0\'d4}</string>
				</dict>
			</dict>
			<dict>
				<key>contentAlignment</key>
				<integer>1</integer>
				<key>fillColor</key>
				<string>{1.000, 1.000, 1.000, 1.000}</string>
				<key>isDecreasingBranchThickness</key>
				<true/>
				<key>isDrawingFill</key>
				<true/>
				<key>isLeftAligned</key>
				<false/>
				<key>location</key>
				<string>{-597.9296875, -68.26171875}</string>
				<key>nodeID</key>
				<string>D6AA9CF8-49F8-49BE-B5C8-46E2D73ED375</string>
				<key>strokeColor</key>
				<string>{0.500, 0.500, 0.500, 1.000}</string>
				<key>strokeStyle</key>
				<integer>0</integer>
				<key>strokeWidth</key>
				<real>2</real>
				<key>subnodes</key>
				<array/>
				<key>title</key>
				<dict>
					<key>constrainedWidth</key>
					<integer>500</integer>
					<key>htmlText</key>
					<string>&lt;p style='color: rgba(0, 0, 0, 1.000000); font: 13px ".PingFang SC"; text-align: left; -cocoa-font-postscriptname: ".PingFangSC-Regular"; '&gt;欢迎界面&lt;/p&gt;</string>
					<key>shrinkToFitContent</key>
					<integer>1</integer>
					<key>text</key>
					<string>{\rtf1\ansi\ansicpg936\cocoartf1404\cocoasubrtf340
{\fonttbl\f0\fnil\fcharset134 .PingFangSC-Regular;}
{\colortbl;\red255\green255\blue255;\red0\green0\blue0;}
\pard\tx560\tx1120\tx1680\tx2240\tx2800\tx3360\tx3920\tx4480\tx5040\tx5600\tx6160\tx6720\pardirnatural

\f0\fs26 \cf2 \'bb\'b6\'d3\'ad\'bd\'e7\'c3\'e6}</string>
				</dict>
			</dict>
		</array>
	</dict>
	<key>printInfo</key>
	<data>
	BAtzdHJlYW10eXBlZIHoA4QBQISEhAtOU1ByaW50SW5mbwGEhAhOU09iamVjdACFkoSE
	hBNOU011dGFibGVEaWN0aW9uYXJ5AISEDE5TRGljdGlvbmFyeQCUhAFpCJKEhIQITlNT
	dHJpbmcBlIQBKxZOU0hvcml6b250YWxseUNlbnRlcmVkhpKEhIQITlNOdW1iZXIAhIQH
	TlNWYWx1ZQCUhAEqhIQBY50BhpKEmZkNTlNSaWdodE1hcmdpboaShJuchIQBZp5IhpKE
	mZkMTlNMZWZ0TWFyZ2luhpKfkoSZmRVOU0hvcml6b25hbFBhZ2luYXRpb26GkoSbnISX
	lwKGkoSZmRROU1ZlcnRpY2FsUGFnaW5hdGlvboaShJucpJcAhpKEmZkUTlNWZXJ0aWNh
	bGx5Q2VudGVyZWSGkpqShJmZC05TVG9wTWFyZ2luhpKEm5ygnlqGkoSZmQ5OU0JvdHRv
	bU1hcmdpboaSqYaG
	</data>
	<key>title</key>
	<string>欢迎界面</string>
	<key>version</key>
	<integer>4</integer>
</dict>
</plist>
